{"type":"APL","version":"1.8","license":"Copyright 2021 Amazon.com, Inc. or its affiliates. All Rights Reserved.\nSPDX-License-Identifier: LicenseRef-.amazon.com.-AmznSL-1.0\nLicensed under the Amazon Software License  http://aws.amazon.com/asl/","import":[{"name":"alexa-layouts","version":"1.5.0"}],"mainTemplate":{"parameters":["payload"],"items":[{"type":"AlexaDetail","detailImageAlignment":"right","imageScale":"best-fill","imageAspectRatio":"square","imageAlignment":"right","primaryText":"Salt has been added to your shopping list","backgroundImageSource":"https://mcdn.wallpapersafari.com/medium/32/54/hn3Wf6.jpeg","theme":"dark","imageSource":"https://fantabulosity.com/wp-content/uploads/2020/10/Grocery-List-1.png"}]}}