{"type":"APL","version":"1.8","license":"Copyright 2021 Amazon.com, Inc. or its affiliates. All Rights Reserved.\nSPDX-License-Identifier: LicenseRef-.amazon.com.-AmznSL-1.0\nLicensed under the Amazon Software License  http://aws.amazon.com/asl/","theme":"dark","import":[{"name":"alexa-layouts","version":"1.5.0"}],"mainTemplate":{"parameters":["payload"],"item":[{"type":"AlexaHeadline","id":"HomeCookHeadline","primaryText":"Welcome to Home Cook","headerBackButton":false,"headerAttributionImage":null,"headerAttributionPrimacy":true,"footerHintText":"Try, \"Alexa, recommend a dish\"","backgroundImageSource":"https://mcdn.wallpapersafari.com/medium/32/54/hn3Wf6.jpeg","backgroundColorOverlay":false,"speech":"${payload.headlineTemplateData.properties.welcomeSpeech}"}]},"onMount":[{"type":"SpeakItem","componentId":"PlantHeadline"}]}