{"type":"APL","version":"1.8","license":"Copyright 2021 Amazon.com, Inc. or its affiliates. All Rights Reserved.\nSPDX-License-Identifier: LicenseRef-.amazon.com.-AmznSL-1.0\nLicensed under the Amazon Software License  http://aws.amazon.com/asl/","import":[{"name":"alexa-layouts","version":"1.5.0"}],"mainTemplate":{"parameters":["payload"],"items":[{"type":"AlexaDetail","detailType":"location","headerTitle":"Recipe","headerBackButton":true,"imageScale":"best-fit","imageAspectRatio":"square","imageAlignment":"right","imageSource":"https://www.skinnytaste.com/wp-content/uploads/2019/04/BBQ-Quesadilla-1-2.jpg}","primaryText":"BBQ Chicken Quesadilla","ratingSlotMode":"multiple","locationText":"Ingredients","secondaryText":"'One 3-oz. raw boneless skinless chicken breast cutlet', '1/8 tsp garlic powder', '1/8 tsp onion powder', '1 tbsp BBQ sauce with 45 calories or less per 2-tbsp. serving (plus more for serving)', '1 large high-fiber flour tortilla with 110 calories or less (I used Ole Xtreme)', '1/4 cup shredded reduced-fat Mexican-blend cheese', '2 tbsp chopped red onion', '1 tbsp chopped fresh cilantro', 'nonstick spray'","backgroundImageSource":"https://mcdn.wallpapersafari.com/medium/32/54/hn3Wf6.jpeg","theme":"dark","detailImageAlignment":"end","backgroundScale":"best-fill","headerAttributionImage":"https://encrypted-tbn0.gstatic.com/images?q=tbn:ANd9GcS1MufOd_yrvurBkJPI6MrRpc99fU_PRkgepA&usqp=CAU","id":"plantDetail"}]}}