{"type":"APL","version":"1.8","license":"Copyright 2021 Amazon.com, Inc. or its affiliates. All Rights Reserved.\nSPDX-License-Identifier: LicenseRef-.amazon.com.-AmznSL-1.0\nLicensed under the Amazon Software License  http://aws.amazon.com/asl/","import":[{"name":"alexa-layouts","version":"1.5.0"}],"mainTemplate":{"parameters":["payload"],"items":[{"type":"AlexaDetail","imageScale":"best-fill","imageAspectRatio":"square","imageAlignment":"right","imageSource":"https://kitchenaid-h.assetsadobe.com/is/image/content/dam/business-unit/amana/v2/article-listing/refrigerator-not-cooling-5-reasons-why/oc-refrigerators-open-side-desktop.jpg?fit=constrain&fmt=jpg&wid=1440","primaryText":"Salt has been added to the fridge","backgroundImageSource":"https://mcdn.wallpapersafari.com/medium/32/54/hn3Wf6.jpeg","theme":"dark","id":"plantDetail"}]}}