{"type":"APL","version":"1.8","license":"Copyright 2021 Amazon.com, Inc. or its affiliates. All Rights Reserved.\nSPDX-License-Identifier: LicenseRef-.amazon.com.-AmznSL-1.0\nLicensed under the Amazon Software License  http://aws.amazon.com/asl/","theme":"dark","import":[{"name":"alexa-layouts","version":"1.5.0"}],"mainTemplate":{"parameters":["payload"],"item":[{"type":"AlexaHeadline","headerAttributionPrimacy":true,"backgroundImageSource":"https://www.skinnytaste.com/wp-content/uploads/2019/04/BBQ-Quesadilla-1-2.jpg","headerAttributionImage":"null","footerHintText":"BBQ Chicken Quesadila","id":"PlantHeadline","speech":"${payload.headlineTemplateData.properties.welcomeSpeech}"}]},"onMount":[{"type":"SpeakItem","componentId":"PlantHeadline"}]}