{
  "interactionModel": {
    "languageModel": {
      "invocationName": "المطبخ الافتراضي",
      "intents": [
        {
          "name": "AMAZON.CancelIntent",
          "samples": []
        },
        {
          "name": "AMAZON.HelpIntent",
          "samples": [
            "مساعدة",
            "ساعديني"
          ]
        },
        {
          "name": "AMAZON.StopIntent",
          "samples": []
        },
        {
          "name": "HelloWorldIntent",
          "slots": [],
          "samples": [
            "مرحبا"
          ]
        },
        {
          "name": "AMAZON.NavigateHomeIntent",
          "samples": []
        },
        {
          "name": "AMAZON.FallbackIntent",
          "samples": []
        },
        {
          "name": "RecommendDishAR_intent",
          "slots": [],
          "samples": [
            "اريد وجبة",
            "اريد وجبة من خيارك ",
            "انصحيني بوجبة ",
            "شو أكل برأيك ",
            "أعطيني وجبة",
            "أعطيني وجبة من خيارك",
            "انصحيني بوجبة من خيارك"
          ]
        },
        {
          "name": "Weather_RecommendationAR_intent",
          "slots": [
            {
              "name": "Weather",
              "type": "Weather"
            }
          ],
          "samples": [
            " أعطيني وجبة بحسب الجو {Weather} ",
            " انصحيني بوجبة بحسب الجو {Weather} ",
            "أعطيني وجبة بحسب الطقس {Weather} ",
            "انصحيني بوجبة بحسب الطقس {Weather} ",
            "اعطيني وجبة ال {Weather}",
            "اعطيني وجبة  {Weather}",
            "انصحيني بوجبة بحسب الطقس ال {Weather} ",
            "أعطيني وجبة بحسب الطقس ال {Weather} ",
            " انصحيني بوجبة بحسب الجو ال {Weather} ",
            " أعطيني وجبة بحسب الجو ال {Weather} "
          ]
        },
        {
          "name": "Diet_RecommendationAR_intent",
          "slots": [
            {
              "name": "Diet",
              "type": "Diet"
            }
          ],
          "samples": [
            "أعطيني وجبة بحسب الريجيم {Diet}",
            "أعطيني وجبة بحسب الدايت {Diet}",
            "أعطيني وجبة بحسب النظام الغذائي {Diet}",
            "انصحيني بوجبة بحسب الريجيم {Diet}",
            "انصحيني بوجبة بحسب الدايت {Diet}",
            "انصحيني بوجبة بحسب النظام الغذائي"
          ]
        },
        {
          "name": "Delete_itemAR_intent",
          "slots": [
            {
              "name": "Ingredient",
              "type": "ingredient"
            }
          ],
          "samples": [
            "أزيلي {Ingredient} من الثلاجة ",
            "احذفي {Ingredient} من الثلاجة ",
            "شيلي {Ingredient}",
            "احذفي {Ingredient}",
            "أزيلي {Ingredient}"
          ]
        },
        {
          "name": "Add_ItemAR_intent",
          "slots": [
            {
              "name": "Ingredient",
              "type": "ingredient"
            }
          ],
          "samples": [
            "زيدي {Ingredient} الى الثلاجة ",
            "ضعي {Ingredient} في الثلاجة ",
            "أضيفي {Ingredient} الى الثلاجة",
            "زيدي {Ingredient}",
            "أضيفي {Ingredient}"
          ]
        },
        {
          "name": "Check_Missing_AR_intent",
          "slots": [
            {
              "name": "Dish",
              "type": "Dishes"
            }
          ],
          "samples": [
            "شو ينقصني لاطبخ {Dish}",
            "شو بينقصني لاعمل {Dish}",
            "ماذا أحتاج كي أحضر {Dish}",
            "شو احتاج لاطبخ {Dish}",
            "ماذا ينقصني لإعداد الوجبة التالية {Dish}"
          ]
        },
        {
          "name": "Check_ingredeint_AR_intent",
          "slots": [
            {
              "name": "ing",
              "type": "ingredient"
            }
          ],
          "samples": [
            " عندي {ing} في الثلاجة",
            "هل يوجد {ing} في الثلاجة",
            "هل عندي {ing}",
            "في {ing}",
            "هل يوجد {ing}"
          ]
        },
        {
          "name": "Ingredient_RecommendationAR_Intent",
          "slots": [
            {
              "name": "Dish",
              "type": "Dishes"
            }
          ],
          "samples": [
            "شو مكونات {Dish}",
            "اريد أن أطبخ {Dish}",
            "ما هي مكونات {Dish}",
            "اريد مكونات {Dish}",
            "أعطيني مكونات ال {Dish}",
            "ما مكونات {Dish}"
          ]
        },
        {
          "name": "Add_ShoppingItemAR_intent",
          "slots": [
            {
              "name": "ing",
              "type": "ingredient"
            }
          ],
          "samples": [
            "ضعي {ing} في اللائحة ",
            "ضعي {ing} في لائحة التسوق",
            "أبغى {ing} في لائحة التسوق ",
            "زيدي {ing}  الى لائحة التسوق",
            "أضيفي {ing} الى لائحة التسوق "
          ]
        },
        {
          "name": "Delete_ShoppingItemAR_intent",
          "slots": [
            {
              "name": "ing",
              "type": "ingredient"
            }
          ],
          "samples": [
            "امحي {ing} من لائحة التسوق ",
            "شيلي {ing} من لائحة التسوق",
            "أزيلي {ing} من لائحة التسوق ",
            "احذفي {ing} من لائحة التسوق "
          ]
        },
        {
          "name": "Recommendtime_of_thedayAR_Intent",
          "slots": [
            {
              "name": "time",
              "type": "Time_of_theday"
            }
          ],
          "samples": [
            "أريد {time}",
            "أبغى {time}",
            "اقترحي {time}",
            "أعطيني {time}"
          ]
        },
        {
          "name": "Get_shoppinglistAR_intent",
          "slots": [],
          "samples": [
            "شو لازمني ",
            "شو عندي في لائحة التسوق ",
            "شو لازم اشتري",
            "اريد لائحة التسوق ",
            "ماذا يوجد في لائحة التسوق",
            "اعطيني لائحة التسوق "
          ]
        },
        {
          "name": "Get_fridgeAR_intent",
          "slots": [],
          "samples": [
            "مكونات ثلاجتي",
            "مكونات الثلاجة ",
            "ما المكونات الموجودة  في الثلاجة ",
            "ماذا يوجد في ثلاجتي",
            "ماذا يوجد في الثلاجة "
          ]
        }
      ],
      "types": [
        {
          "values": [
            {
              "name": {
                "value": "باس البحر الأبيض المتوسط"
              }
            },
            {
              "name": {
                "value": "سلمون بارميزان ريحان في مقلاة هوائية"
              }
            },
            {
              "name": {
                "value": "رقائق البارميزان"
              }
            },
            {
              "name": {
                "value": "سلطة البطاطس والخضراء"
              }
            },
            {
              "name": {
                "value": "حساء الديتوكس الأخضر مع غريمولاتا القنب المحمص"
              }
            },
            {
              "name": {
                "value": "لحم الخنزير والكيشي السويسري"
              }
            },
            {
              "name": {
                "value": "ستروبري رومانوف"
              }
            },
            {
              "name": {
                "value": "فلاتبريد سمك السلمون المدخن"
              }
            },
            {
              "name": {
                "value": "سلطة دجاج الرانش"
              }
            },
            {
              "name": {
                "value": "لفائف بيض الأفوكادو مع الصلصة الحلوة والحارة"
              }
            },
            {
              "name": {
                "value": "بيتزا قشرة رقيقة من حديد الزهر"
              }
            },
            {
              "name": {
                "value": "تكس مكس ميجاس"
              }
            },
            {
              "name": {
                "value": "فطيرة الزبادي والجير"
              }
            },
            {
              "name": {
                "value": "لازانيا الدجاج بالبارميزان"
              }
            },
            {
              "name": {
                "value": "الدجاج المقلي بالهليون والليمون"
              }
            },
            {
              "name": {
                "value": "خبز لحم الديك الرومى"
              }
            },
            {
              "name": {
                "value": "بلح البحر على البخار مع صلصة بيري بيري"
              }
            },
            {
              "name": {
                "value": "سندويتش راب دجاج كلوب بالخس"
              }
            },
            {
              "name": {
                "value": "سلطة الدجاج المشوي في هيوستن"
              }
            }
          ],
          "name": "Dishes"
        },
        {
          "values": [
            {
              "name": {
                "value": "حار"
              }
            },
            {
              "name": {
                "value": "بارد"
              }
            },
            {
              "name": {
                "value": "مشمس"
              }
            },
            {
              "name": {
                "value": "غائم"
              }
            },
            {
              "name": {
                "value": "معتدل"
              }
            },
            {
              "name": {
                "value": "صيفي"
              }
            },
            {
              "name": {
                "value": "شتوي"
              }
            },
            {
              "name": {
                "value": "خريفي"
              }
            },
            {
              "name": {
                "value": "ربيعي"
              }
            }
          ],
          "name": "Weather"
        },
        {
          "values": [
            {
              "name": {
                "value": "خالي من منتجات الألبان"
              }
            },
            {
              "name": {
                "value": "خالي من الغلوتين"
              }
            },
            {
              "name": {
                "value": "وصفات كيتو"
              }
            },
            {
              "name": {
                "value": "وصفات للأطفال"
              }
            },
            {
              "name": {
                "value": "قليلة الكربوهيدرات"
              }
            },
            {
              "name": {
                "value": "دايت الباليو"
              }
            },
            {
              "name": {
                "value": "وجبات نباتية"
              }
            },
            {
              "name": {
                "value": "وصفات المقلاة الهوائية"
              }
            },
            {
              "name": {
                "value": "وصفات تحضير الوجبات"
              }
            },
            {
              "name": {
                "value": "وجبات الفريزر"
              }
            }
          ],
          "name": "Diet"
        },
        {
          "values": [
            {
              "name": {
                "value": "زيت الزيتون البكر الممتاز"
              }
            },
            {
              "name": {
                "value": "بصل أصفر"
              }
            },
            {
              "name": {
                "value": "ثوم"
              }
            },
            {
              "name": {
                "value": "الشمرة"
              }
            },
            {
              "name": {
                "value": "طماطم"
              }
            },
            {
              "name": {
                "value": "أوراق الريحان"
              }
            },
            {
              "name": {
                "value": "زيتون كالاماتا"
              }
            },
            {
              "name": {
                "value": "ملح كوشير"
              }
            },
            {
              "name": {
                "value": "سمك القد"
              }
            },
            {
              "name": {
                "value": "ستريبد باس"
              }
            },
            {
              "name": {
                "value": "بخاخ زيت الزيتون العضوي"
              }
            },
            {
              "name": {
                "value": "بيض"
              }
            },
            {
              "name": {
                "value": "ملح"
              }
            },
            {
              "name": {
                "value": "توابل البيجل"
              }
            },
            {
              "name": {
                "value": "شرائح السلمون"
              }
            },
            {
              "name": {
                "value": "ليمون"
              }
            },
            {
              "name": {
                "value": "جبنة رومانو"
              }
            },
            {
              "name": {
                "value": "حبوب السمسم"
              }
            },
            {
              "name": {
                "value": "بذور الخشخاش"
              }
            },
            {
              "name": {
                "value": "بطاطا"
              }
            },
            {
              "name": {
                "value": "زيتون اسود"
              }
            },
            {
              "name": {
                "value": "الخل البلسمي"
              }
            },
            {
              "name": {
                "value": "زيت عالي الحرارة"
              }
            },
            {
              "name": {
                "value": "ملح البحر الناعم"
              }
            },
            {
              "name": {
                "value": "قشر الليمون"
              }
            },
            {
              "name": {
                "value": "رذاذ الطبخ"
              }
            },
            {
              "name": {
                "value": "بذور القنب مقشر"
              }
            },
            {
              "name": {
                "value": "الكزبرة"
              }
            },
            {
              "name": {
                "value": "شريحة لحم الخنزير"
              }
            },
            {
              "name": {
                "value": "بروكلي"
              }
            },
            {
              "name": {
                "value": "جبنة سويسرية"
              }
            },
            {
              "name": {
                "value": "حليب 2٪ دسم"
              }
            },
            {
              "name": {
                "value": "جوزة الطيب"
              }
            },
            {
              "name": {
                "value": "فراولة"
              }
            },
            {
              "name": {
                "value": "سكر بني"
              }
            },
            {
              "name": {
                "value": "دقيق متعدد الإستعمالات"
              }
            },
            {
              "name": {
                "value": "مسحوق الخبز"
              }
            },
            {
              "name": {
                "value": "بخاخ زيت الزيتون"
              }
            },
            {
              "name": {
                "value": "بصل أحمر"
              }
            },
            {
              "name": {
                "value": "طماطم البيفستيك"
              }
            },
            {
              "name": {
                "value": "سلمون مدخن"
              }
            },
            {
              "name": {
                "value": "قبار"
              }
            },
            {
              "name": {
                "value": "الشبت الطازج"
              }
            },
            {
              "name": {
                "value": "ثوم معمر"
              }
            },
            {
              "name": {
                "value": "بودرة الثوم"
              }
            },
            {
              "name": {
                "value": "بودرة البصل"
              }
            },
            {
              "name": {
                "value": "الريحان المجفف"
              }
            },
            {
              "name": {
                "value": "صدر دجاج مسحب"
              }
            },
            {
              "name": {
                "value": "أفوكادو هاس"
              }
            },
            {
              "name": {
                "value": "ليمون حامض"
              }
            },
            {
              "name": {
                "value": "لفائف البيض"
              }
            },
            {
              "name": {
                "value": "صلصة الفلفل الحار الحلو"
              }
            },
            {
              "name": {
                "value": "صلصة سريراتشا"
              }
            },
            {
              "name": {
                "value": "صلصة طماطم"
              }
            },
            {
              "name": {
                "value": "جبنة موزاريلا كاملة الدسم"
              }
            },
            {
              "name": {
                "value": "الأعشاب المجففة"
              }
            },
            {
              "name": {
                "value": "بصل"
              }
            },
            {
              "name": {
                "value": "طماطم كرمة"
              }
            },
            {
              "name": {
                "value": "هالابينو"
              }
            },
            {
              "name": {
                "value": "تورتيلا الذره"
              }
            },
            {
              "name": {
                "value": "أفوكادو"
              }
            },
            {
              "name": {
                "value": "صلصة حارة"
              }
            },
            {
              "name": {
                "value": "الصلصا"
              }
            },
            {
              "name": {
                "value": "بسكويت غراهام"
              }
            },
            {
              "name": {
                "value": "سكر"
              }
            },
            {
              "name": {
                "value": "جيلاتين"
              }
            },
            {
              "name": {
                "value": "ليمون الحامض"
              }
            },
            {
              "name": {
                "value": "فتات الخبز المحنك"
              }
            },
            {
              "name": {
                "value": "جبن ريكوتا منزوع الدسم جزئيًا"
              }
            },
            {
              "name": {
                "value": "نودلز لازانيا دون غليان"
              }
            },
            {
              "name": {
                "value": "سبانخ صغيرة"
              }
            },
            {
              "name": {
                "value": "صدر دجاج منزوع الجلد"
              }
            },
            {
              "name": {
                "value": "أمينات جوز الهن"
              }
            },
            {
              "name": {
                "value": "صلصة شويو قليل الصوديوم"
              }
            },
            {
              "name": {
                "value": "نشا الذرة"
              }
            },
            {
              "name": {
                "value": "مسحوق الاروروت"
              }
            },
            {
              "name": {
                "value": "ماء"
              }
            },
            {
              "name": {
                "value": "زيت الكانولا"
              }
            },
            {
              "name": {
                "value": "نبات الهليون"
              }
            },
            {
              "name": {
                "value": "زنجبيل"
              }
            },
            {
              "name": {
                "value": "كاتشب"
              }
            },
            {
              "name": {
                "value": "صلصة وسترشير"
              }
            },
            {
              "name": {
                "value": "فتات الخبز المتبل الخالي من الغلوتين"
              }
            },
            {
              "name": {
                "value": "مردقوش"
              }
            },
            {
              "name": {
                "value": "بقدونس مفروم"
              }
            },
            {
              "name": {
                "value": "زيت الزيتون"
              }
            },
            {
              "name": {
                "value": "خل النبيذ الاحمر"
              }
            },
            {
              "name": {
                "value": "فلفل أحمر"
              }
            },
            {
              "name": {
                "value": "خس"
              }
            },
            {
              "name": {
                "value": "صدر دجاج عضوي"
              }
            },
            {
              "name": {
                "value": "لحم مقدد"
              }
            },
            {
              "name": {
                "value": "ورق الزبدة"
              }
            },
            {
              "name": {
                "value": "صلصة الصويا الخالية من الغلوتين"
              }
            },
            {
              "name": {
                "value": "زيت السمسم"
              }
            },
            {
              "name": {
                "value": "عسل"
              }
            },
            {
              "name": {
                "value": "مستردة الديجون"
              }
            },
            {
              "name": {
                "value": "زيت نباتي"
              }
            },
            {
              "name": {
                "value": "بصل أبيض"
              }
            },
            {
              "name": {
                "value": "الفلفل الأحمر"
              }
            },
            {
              "name": {
                "value": "جزر"
              }
            },
            {
              "name": {
                "value": "شرائح التورتيلا"
              }
            },
            {
              "name": {
                "value": "عصير ليمون طازج"
              }
            },
            {
              "name": {
                "value": "عصير الليمون الحامض"
              }
            },
            {
              "name": {
                "value": "رقائق الفلفل الأحمر"
              }
            },
            {
              "name": {
                "value": "نبيذ أبيض"
              }
            },
            {
              "name": {
                "value": "مايونيز"
              }
            },
            {
              "name": {
                "value": "فيليه باس البحر التشيلي دون الجلد"
              }
            },
            {
              "name": {
                "value": "فلفل اسود"
              }
            },
            {
              "name": {
                "value": "جبنة البارميزان"
              }
            },
            {
              "name": {
                "value": "رقائق البصل المجفف"
              }
            },
            {
              "name": {
                "value": "فاصوليا خضراء"
              }
            },
            {
              "name": {
                "value": "البصل الأخضر"
              }
            },
            {
              "name": {
                "value": "بصلة الشمر"
              }
            },
            {
              "name": {
                "value": "أوراق الكرنب"
              }
            },
            {
              "name": {
                "value": "مرق الخضار منخفض الصوديوم"
              }
            },
            {
              "name": {
                "value": "البقدونس الايطالية"
              }
            },
            {
              "name": {
                "value": "بقايا لحم الخنزير"
              }
            },
            {
              "name": {
                "value": "قشطة نصف دسم"
              }
            },
            {
              "name": {
                "value": "كريمة حامضة قليلة الدسم"
              }
            },
            {
              "name": {
                "value": "دقيق القمح الكامل الأبيض"
              }
            },
            {
              "name": {
                "value": "زبادي يوناني خالي من الدسم"
              }
            },
            {
              "name": {
                "value": "جبن كريمي قليل الدسم 1/3"
              }
            },
            {
              "name": {
                "value": "نوفا لوكس سلمون"
              }
            },
            {
              "name": {
                "value": "1% مخيض اللبن"
              }
            },
            {
              "name": {
                "value": "البقدونس المجفف"
              }
            },
            {
              "name": {
                "value": "فلفل أسود طازج"
              }
            },
            {
              "name": {
                "value": "طماطم مجففة بالشمس"
              }
            },
            {
              "name": {
                "value": "بخاخ زيت الكانولا"
              }
            },
            {
              "name": {
                "value": "التورتيلا"
              }
            },
            {
              "name": {
                "value": "صلصة المارينارا"
              }
            },
            {
              "name": {
                "value": "مزيج الخضار"
              }
            },
            {
              "name": {
                "value": "أعشاب طازجة"
              }
            },
            {
              "name": {
                "value": "الجبن من حليب الأبقار التي تتغذى على العشب"
              }
            },
            {
              "name": {
                "value": "الكيسو فريسكو أو جبنة طازجة"
              }
            },
            {
              "name": {
                "value": "زبدة مخفوقة"
              }
            },
            {
              "name": {
                "value": "زبادي سادة 0٪ دسم"
              }
            },
            {
              "name": {
                "value": "كريمة مخفوقة"
              }
            },
            {
              "name": {
                "value": "صدر دجاج منزوع العظم والجلد"
              }
            },
            {
              "name": {
                "value": "جبن بيكورينو رومانو"
              }
            },
            {
              "name": {
                "value": "جبن موزاريلا منزوع الدسم جزئيًا"
              }
            },
            {
              "name": {
                "value": "مرق الدجاج قليل الصوديوم"
              }
            },
            {
              "name": {
                "value": "صلصة الصويا قليلة الصوديوم"
              }
            },
            {
              "name": {
                "value": "نشا التابيوكا"
              }
            },
            {
              "name": {
                "value": "زيت بذور العنب"
              }
            },
            {
              "name": {
                "value": "عصير ليمون"
              }
            },
            {
              "name": {
                "value": "99٪ ديك رومي مطحون"
              }
            },
            {
              "name": {
                "value": "فتات خبز القمح الكامل المحنك"
              }
            },
            {
              "name": {
                "value": "بصل أحمر مفروم"
              }
            },
            {
              "name": {
                "value": "فصوص الثوم"
              }
            },
            {
              "name": {
                "value": "بلح البحر الحي"
              }
            },
            {
              "name": {
                "value": "صدر ديك رومي عضوي"
              }
            },
            {
              "name": {
                "value": "زبدة فول سوداني ناعمة"
              }
            },
            {
              "name": {
                "value": "خل الأرز غير المتبّل"
              }
            },
            {
              "name": {
                "value": "خضروات مختلطة"
              }
            },
            {
              "name": {
                "value": "هيكاما"
              }
            },
            {
              "name": {
                "value": "فلفل أسود مطحون طازجا"
              }
            },
            {
              "name": {
                "value": "عصير ليمون حامض"
              }
            },
            {
              "name": {
                "value": "نكهة أو قشر الليمون الحامض"
              }
            }
          ],
          "name": "ingredient"
        },
        {
          "values": [
            {
              "name": {
                "value": "وجبة خفيفة"
              }
            },
            {
              "name": {
                "value": "وجبة عشاء"
              }
            },
            {
              "name": {
                "value": "وجبة غداء"
              }
            },
            {
              "name": {
                "value": "وجبة إفطار"
              }
            }
          ],
          "name": "Time_of_theday"
        }
      ]
    }
  },
  "version": "100"
}