{
  "interactionModel": {
    "languageModel": {
      "invocationName": "home cook",
      "intents": [
        {
          "name": "AMAZON.CancelIntent",
          "samples": [
            "cancel ",
            "Cancel please"
          ]
        },
        {
          "name": "AMAZON.HelpIntent",
          "samples": [
            "I need help ",
            "help me please"
          ]
        },
        {
          "name": "AMAZON.StopIntent",
          "samples": [
            "please stop ",
            "stop",
            "Stop the process "
          ]
        },
        {
          "name": "HelloWorldIntent",
          "slots": [],
          "samples": [
            "hello",
            "how are you",
            "say hi world",
            "say hi",
            "hi",
            "say hello world",
            "say hello"
          ]
        },
        {
          "name": "AMAZON.NavigateHomeIntent",
          "samples": [
            "navigate home please ",
            "navigate home ",
            "navigate "
          ]
        },
        {
          "name": "AMAZON.FallbackIntent",
          "samples": [
            "Fall back ",
            "Fall back please"
          ]
        },
        {
          "name": "RecommendDishEN_intent",
          "slots": [],
          "samples": [
            "Im hungry recommend a recipe for me ",
            "what meal should i eat today",
            "recommend a meal",
            "what should i eat today",
            "give me a dish",
            "give me a recipe",
            "recommend a dish",
            "recommend a recipe"
          ]
        },
        {
          "name": "Check_Missing_EN_intent",
          "slots": [
            {
              "name": "Recipe",
              "type": "dishes"
            }
          ],
          "samples": [
            "check the missing ingredients for {Recipe}",
            "What do i still need for making {Recipe}",
            "What ingredients are missing for cooking {Recipe}",
            "What ingredients are missing for making {Recipe}",
            "What ingredients do i still need for making {Recipe}",
            "What is missing for cooking {Recipe}",
            "What is missing for making {Recipe}"
          ]
        },
        {
          "name": "Check_ingredient_EN_intent",
          "slots": [
            {
              "name": "ing",
              "type": "ingredient"
            }
          ],
          "samples": [
            "Is {ing} in my fridge ",
            "is {ing} available in my fridge ",
            "look for {ing} in my fridge ",
            "Do I have {ing}",
            "check my fridge for {ing}",
            "check if I have {ing} in my fridge ",
            "Do I have {ing} in my fridge"
          ]
        },
        {
          "name": "Diet_RecommendationEN_intent",
          "slots": [
            {
              "name": "Diet",
              "type": "Diet",
              "multipleValues": {
                "enabled": true
              }
            }
          ],
          "samples": [
            "I need to eat but based on {Diet} diet ",
            "im on a {Diet} diet what should i eat",
            "what should i eat today based on the {Diet} diet",
            "give me a dish based on my {Diet} diet",
            "give me a recipe based on my {Diet} diet",
            "Recommend a dish based on my {Diet} diet",
            "Recommend a recipe based on my {Diet} diet"
          ]
        },
        {
          "name": "Weather_RecommendationEN_intent",
          "slots": [
            {
              "name": "weather",
              "type": "weather"
            }
          ],
          "samples": [
            "what do you think I should cook today knowing that its {weather}",
            "its {weather} recommend a recipe ",
            "Recommend me a recipe based on the {weather}",
            "its {weather} time and im hungry what shoud i eat",
            "its {weather} what should i eat",
            "what should i eat today based on the {weather}",
            "give me a dish based on the {weather}",
            "give me a recipe based on the {weather}",
            "Recommend a dish based on the {weather} weather",
            "Recommend a recipe based on the {weather} weather"
          ]
        },
        {
          "name": "Ingredient_RecommendationEN_intent",
          "slots": [
            {
              "name": "Dish",
              "type": "dishes",
              "multipleValues": {
                "enabled": false
              }
            }
          ],
          "samples": [
            "I want the ingredients for {Dish}",
            "I want the ingredients of {Dish}",
            "I want to cook {Dish} what ingredients do I need for that ",
            "What ingredients do I need to cook {Dish}",
            "Recommend me a {Dish} and tell me its ingredients",
            "Recommend me a {Dish} with its ingredients",
            "What are the ingredients of {Dish}",
            "What are the ingredients for {Dish}"
          ]
        },
        {
          "name": "Add_itemEN_intent",
          "slots": [
            {
              "name": "Ingredient",
              "type": "ingredient"
            }
          ],
          "samples": [
            "insert {Ingredient} to the fridge",
            "please insert {Ingredient} ",
            "insert {Ingredient} to my fridge ",
            "insert {Ingredient}",
            "Please add {Ingredient} to my fridge",
            "Please add {Ingredient} to the fridge",
            "Add {Ingredient} to the fridge",
            "Add {Ingredient}"
          ]
        },
        {
          "name": "Delete_itemEN_intent",
          "slots": [
            {
              "name": "Ingredient",
              "type": "ingredient"
            }
          ],
          "samples": [
            "please remove {Ingredient} from my fridge ",
            "remove {Ingredient} from my fridge ",
            "Please remove {Ingredient} from the fridge",
            "Please remove {Ingredient}",
            "Remove {Ingredient} from the fridge",
            "Remove {Ingredient}"
          ]
        },
        {
          "name": "Add_ShoppingItemEN_intent",
          "slots": [
            {
              "name": "ing",
              "type": "ingredient",
              "multipleValues": {
                "enabled": true
              }
            }
          ],
          "samples": [
            "insert {ing} to my list",
            "insert {ing} to the list",
            "put {ing} in the shopping list",
            "put {ing} in my shopping list",
            "insert {ing} to the shopping list",
            "Please add {ing} to my shopping list",
            "Please add {ing} to the shopping list",
            "Please add {ing} to the list",
            "Please add {ing} to my list"
          ]
        },
        {
          "name": "Delete_ShoppingItemEN_intent",
          "slots": [
            {
              "name": "ing",
              "type": "ingredient"
            }
          ],
          "samples": [
            "delete {ing} from the shopping list",
            "please remove {ing} from my shopping list",
            "please remove {ing} from the shopping list",
            "please remove {ing} from my list",
            "please remove {ing} from the list",
            "remove {ing} from the shopping list",
            "remove {ing} from my shopping list",
            "Remove {ing} from the list",
            "Remove {ing} from my list"
          ]
        },
        {
          "name": "Recommend_time_of_thedayEN_Intent",
          "slots": [
            {
              "name": "time",
              "type": "Timing"
            }
          ],
          "samples": [
            "what dish is suitable for my {time}",
            "what recipe is suitable for my {time}",
            "give me a recipe for my {time}",
            "what should I eat for my {time}",
            "what should i eat for {time}",
            "recommend a recipe for {time}",
            "Recommend a dish for my {time}"
          ]
        },
        {
          "name": "Get_shoppinglistEN_intent",
          "slots": [],
          "samples": [
            "shopping list ",
            "what items do I have in the shopping list ",
            "what items do I have in my shopping list ",
            "give me the shopping list ",
            "what should I buy ",
            "what should I get",
            "give me my shopping list"
          ]
        },
        {
          "name": "Get_fridgeEN_intent",
          "slots": [],
          "samples": [
            "what ingredients are available in the  fridge",
            "ingredients in my fridge ",
            "what ingredients are available in my fridge ",
            "what ingredients do I have in my fridge ",
            "what do I have in my fridge ",
            "what do I have "
          ]
        }
      ],
      "types": [
        {
          "values": [
            {
              "name": {
                "value": "Mediterranean Sea Bass"
              }
            },
            {
              "name": {
                "value": "Air Fryer Basil-Parmesan Salmon"
              }
            },
            {
              "name": {
                "value": "Air Fryer Hard Boiled Eggs"
              }
            },
            {
              "name": {
                "value": "Everything Parmesan Crisps"
              }
            },
            {
              "name": {
                "value": "Potato and Green Bean Salad"
              }
            },
            {
              "name": {
                "value": "Green Detox Soup with Toasted Hemp Gremolata"
              }
            },
            {
              "name": {
                "value": "Ham and Swiss Crustless Quiche"
              }
            },
            {
              "name": {
                "value": "Strawberries Romanoff"
              }
            },
            {
              "name": {
                "value": "Smoked Salmon Breakfast Flatbread"
              }
            },
            {
              "name": {
                "value": "Ranch Chicken Salad"
              }
            },
            {
              "name": {
                "value": "Avocado Egg Rolls with Sweet and Spicy Dipping Sauce"
              }
            },
            {
              "name": {
                "value": "Quickest Cast-Iron Thin Crust Pizza"
              }
            },
            {
              "name": {
                "value": "Tex-Mex Migas"
              }
            },
            {
              "name": {
                "value": "Key Lime Yogurt Pie"
              }
            },
            {
              "name": {
                "value": "Chicken Parmesan Lasagna"
              }
            },
            {
              "name": {
                "value": "Chicken and Asparagus Lemon Stir Fry"
              }
            },
            {
              "name": {
                "value": "Turkey Meatloaf"
              }
            },
            {
              "name": {
                "value": "Steamed Mussels with Piri Piri Sauce"
              }
            },
            {
              "name": {
                "value": "Chicken Club Lettuce Wrap Sandwich"
              }
            },
            {
              "name": {
                "value": "Houstons Grilled Chicken Salad"
              }
            }
          ],
          "name": "dishes"
        },
        {
          "values": [
            {
              "name": {
                "value": "Dairy Free"
              }
            },
            {
              "name": {
                "value": "Gluten Free"
              }
            },
            {
              "name": {
                "value": "Keto Recipes"
              }
            },
            {
              "name": {
                "value": "Kid Friendly"
              }
            },
            {
              "name": {
                "value": "Low Carb"
              }
            },
            {
              "name": {
                "value": "Under 30 Minutes"
              }
            },
            {
              "name": {
                "value": "Paleo"
              }
            },
            {
              "name": {
                "value": "Whole 30 Recipes"
              }
            },
            {
              "name": {
                "value": "Vegetarian Meals"
              }
            },
            {
              "name": {
                "value": "Air Fryer Recipes"
              }
            },
            {
              "name": {
                "value": "Meal Prep Recipes"
              }
            },
            {
              "name": {
                "value": "Freezer Meals"
              }
            }
          ],
          "name": "Diet"
        },
        {
          "values": [
            {
              "name": {
                "value": "Hot"
              }
            },
            {
              "name": {
                "value": "Cold"
              }
            },
            {
              "name": {
                "value": "Sunny"
              }
            },
            {
              "name": {
                "value": "Rainy"
              }
            },
            {
              "name": {
                "value": "Cloudy"
              }
            },
            {
              "name": {
                "value": "Mild"
              }
            },
            {
              "name": {
                "value": "Summer"
              }
            },
            {
              "name": {
                "value": "Winter"
              }
            },
            {
              "name": {
                "value": "Fall"
              }
            },
            {
              "name": {
                "value": "Spring"
              }
            }
          ],
          "name": "weather"
        },
        {
          "values": [
            {
              "name": {
                "value": "Snack"
              }
            },
            {
              "name": {
                "value": "dinner"
              }
            },
            {
              "name": {
                "value": "lunch"
              }
            },
            {
              "name": {
                "value": "breakfast "
              }
            }
          ],
          "name": "Timing"
        },
        {
          "values": [
            {
              "name": {
                "value": "tomato"
              }
            }
          ],
          "name": "Fridge"
        },
        {
          "values": [
            {
              "name": {
                "value": "Extra virgin olive oil"
              }
            },
            {
              "name": {
                "value": "Yellow onion"
              }
            },
            {
              "name": {
                "value": "Garlic"
              }
            },
            {
              "name": {
                "value": "Fennel"
              }
            },
            {
              "name": {
                "value": "Tomato"
              }
            },
            {
              "name": {
                "value": "Basil leaves"
              }
            },
            {
              "name": {
                "value": "Kalamata olives"
              }
            },
            {
              "name": {
                "value": "Kosher salt"
              }
            },
            {
              "name": {
                "value": "Cod"
              }
            },
            {
              "name": {
                "value": "Striped bass"
              }
            },
            {
              "name": {
                "value": "Organic olive oil cooking spray"
              }
            },
            {
              "name": {
                "value": "Eggs"
              }
            },
            {
              "name": {
                "value": "Salt"
              }
            },
            {
              "name": {
                "value": "Everything Bagel Seasoning"
              }
            },
            {
              "name": {
                "value": "Salmon fillets"
              }
            },
            {
              "name": {
                "value": "Lemon"
              }
            },
            {
              "name": {
                "value": "Romano Cheese"
              }
            },
            {
              "name": {
                "value": "Sesame Seeds"
              }
            },
            {
              "name": {
                "value": "Poppy Seeds"
              }
            },
            {
              "name": {
                "value": "Potatoes"
              }
            },
            {
              "name": {
                "value": "Black Olives"
              }
            },
            {
              "name": {
                "value": "Balsamic Vinegar"
              }
            },
            {
              "name": {
                "value": "High-Heat Oil"
              }
            },
            {
              "name": {
                "value": "Fine-Grain Sea Salt"
              }
            },
            {
              "name": {
                "value": "Lemon Zest"
              }
            },
            {
              "name": {
                "value": "Cooking Spray"
              }
            },
            {
              "name": {
                "value": "Hulled Hemp Seeds"
              }
            },
            {
              "name": {
                "value": "Cilantro"
              }
            },
            {
              "name": {
                "value": "Ham Steak"
              }
            },
            {
              "name": {
                "value": "Broccoli"
              }
            },
            {
              "name": {
                "value": "Swiss Cheese"
              }
            },
            {
              "name": {
                "value": "2% Milk"
              }
            },
            {
              "name": {
                "value": "Nutmeg"
              }
            },
            {
              "name": {
                "value": "Strawberries"
              }
            },
            {
              "name": {
                "value": "Brown Sugar"
              }
            },
            {
              "name": {
                "value": "All Purpose Flour"
              }
            },
            {
              "name": {
                "value": "Baking Powder"
              }
            },
            {
              "name": {
                "value": "Olive Oil Spray"
              }
            },
            {
              "name": {
                "value": "Red Onion"
              }
            },
            {
              "name": {
                "value": "Beefsteak Tomato"
              }
            },
            {
              "name": {
                "value": "Smoked Salmon"
              }
            },
            {
              "name": {
                "value": "Capers "
              }
            },
            {
              "name": {
                "value": "Fresh Dill"
              }
            },
            {
              "name": {
                "value": "Chives"
              }
            },
            {
              "name": {
                "value": "Garlic Powder"
              }
            },
            {
              "name": {
                "value": "Onion Powder"
              }
            },
            {
              "name": {
                "value": "Dried Basil"
              }
            },
            {
              "name": {
                "value": "Boneless Chicken Breast"
              }
            },
            {
              "name": {
                "value": "Hass Avocados"
              }
            },
            {
              "name": {
                "value": "Lime"
              }
            },
            {
              "name": {
                "value": "Egg Roll Wrappers"
              }
            },
            {
              "name": {
                "value": "Sweet Chili Sauce"
              }
            },
            {
              "name": {
                "value": "Sriracha"
              }
            },
            {
              "name": {
                "value": "Tomato Sauce"
              }
            },
            {
              "name": {
                "value": "Full Fat Mozarella"
              }
            },
            {
              "name": {
                "value": "Dried Herbs"
              }
            },
            {
              "name": {
                "value": "Onion"
              }
            },
            {
              "name": {
                "value": "Vine Tomato"
              }
            },
            {
              "name": {
                "value": "Jalapeno"
              }
            },
            {
              "name": {
                "value": "Corn Tortillas"
              }
            },
            {
              "name": {
                "value": "Avocado"
              }
            },
            {
              "name": {
                "value": "Hot Sauce"
              }
            },
            {
              "name": {
                "value": "Salsa"
              }
            },
            {
              "name": {
                "value": "Graham Crackers"
              }
            },
            {
              "name": {
                "value": "Sugar"
              }
            },
            {
              "name": {
                "value": "Gelatin"
              }
            },
            {
              "name": {
                "value": "Key Lime"
              }
            },
            {
              "name": {
                "value": "Seasoned Breacrumbs"
              }
            },
            {
              "name": {
                "value": "Part-Skim Ricotta Cheese"
              }
            },
            {
              "name": {
                "value": "No Boil Lasagna Noodles"
              }
            },
            {
              "name": {
                "value": "Baby Spinach"
              }
            },
            {
              "name": {
                "value": "Skinless Chicken Breast"
              }
            },
            {
              "name": {
                "value": "Coconut Aminos"
              }
            },
            {
              "name": {
                "value": "Reduced Sodium Shoyu"
              }
            },
            {
              "name": {
                "value": "Cornstarch"
              }
            },
            {
              "name": {
                "value": "Arrowroot Powder"
              }
            },
            {
              "name": {
                "value": "Water"
              }
            },
            {
              "name": {
                "value": "Canola Oil"
              }
            },
            {
              "name": {
                "value": "Asparagus"
              }
            },
            {
              "name": {
                "value": "Ginger"
              }
            },
            {
              "name": {
                "value": "Ketchup"
              }
            },
            {
              "name": {
                "value": "Worcestershire sauce"
              }
            },
            {
              "name": {
                "value": "Seasoned Gluten Free Breadcrumbs"
              }
            },
            {
              "name": {
                "value": "Marjoram"
              }
            },
            {
              "name": {
                "value": "Finley Chopped Parsley"
              }
            },
            {
              "name": {
                "value": "Olive Oil"
              }
            },
            {
              "name": {
                "value": "Red Wine Vinegar"
              }
            },
            {
              "name": {
                "value": "Red Pepper"
              }
            },
            {
              "name": {
                "value": "Iceberg Lettuce"
              }
            },
            {
              "name": {
                "value": "Organic Chicken Breast"
              }
            },
            {
              "name": {
                "value": "Bacon"
              }
            },
            {
              "name": {
                "value": "Parchment Paper"
              }
            },
            {
              "name": {
                "value": "Gluten Free Soy Sauce"
              }
            },
            {
              "name": {
                "value": "Sesame Oil"
              }
            },
            {
              "name": {
                "value": "Honey"
              }
            },
            {
              "name": {
                "value": "Dijon Mustard"
              }
            },
            {
              "name": {
                "value": "Vegetable Oil"
              }
            },
            {
              "name": {
                "value": "White Onion"
              }
            },
            {
              "name": {
                "value": "Red Bell Pepper"
              }
            },
            {
              "name": {
                "value": "Carrots"
              }
            },
            {
              "name": {
                "value": "Tortilla Strips"
              }
            },
            {
              "name": {
                "value": "Fresh Lemon Juice"
              }
            },
            {
              "name": {
                "value": "Key Lime juice "
              }
            },
            {
              "name": {
                "value": "Red pepper flakes"
              }
            },
            {
              "name": {
                "value": "White wine"
              }
            },
            {
              "name": {
                "value": "Mayonnaise"
              }
            },
            {
              "name": {
                "value": "Skinless Chilean sea bass fillets"
              }
            },
            {
              "name": {
                "value": "Black Pepper"
              }
            },
            {
              "name": {
                "value": "Parmesan Cheese"
              }
            },
            {
              "name": {
                "value": "Dried Onion Flakes"
              }
            },
            {
              "name": {
                "value": "Green Beans"
              }
            },
            {
              "name": {
                "value": "Scallions"
              }
            },
            {
              "name": {
                "value": "Fennel Bulb"
              }
            },
            {
              "name": {
                "value": "Kale Leaves"
              }
            },
            {
              "name": {
                "value": "Low Sodium Vegetable Broth "
              }
            },
            {
              "name": {
                "value": "Flat-Leaf Parsely"
              }
            },
            {
              "name": {
                "value": "Leftover Ham"
              }
            },
            {
              "name": {
                "value": "Half Cream"
              }
            },
            {
              "name": {
                "value": "Low Fat Sour Cream"
              }
            },
            {
              "name": {
                "value": "White Whole Wheat Flour"
              }
            },
            {
              "name": {
                "value": "Non-Fat Greek Yoghurt "
              }
            },
            {
              "name": {
                "value": "1/3 Less Fat Cream Cheese"
              }
            },
            {
              "name": {
                "value": "Nova Lox"
              }
            },
            {
              "name": {
                "value": "1% Buttermilk"
              }
            },
            {
              "name": {
                "value": "Dried Parsley "
              }
            },
            {
              "name": {
                "value": "Fresh Black Pepper"
              }
            },
            {
              "name": {
                "value": "Sundried Tomatoes"
              }
            },
            {
              "name": {
                "value": "Canola Oil Spray"
              }
            },
            {
              "name": {
                "value": "Tortillas"
              }
            },
            {
              "name": {
                "value": "Marinara Sauce"
              }
            },
            {
              "name": {
                "value": "Vegetables"
              }
            },
            {
              "name": {
                "value": "Fresh Herbs"
              }
            },
            {
              "name": {
                "value": "Cheese from the milk of Grass-Fed cows "
              }
            },
            {
              "name": {
                "value": "Queso Fresco"
              }
            },
            {
              "name": {
                "value": "Whipped Butter"
              }
            },
            {
              "name": {
                "value": "0% Fat Plain Yoghurt"
              }
            },
            {
              "name": {
                "value": "Whipped Cream"
              }
            },
            {
              "name": {
                "value": "Boneless skinless chicken breasts"
              }
            },
            {
              "name": {
                "value": "Pecorino Romano"
              }
            },
            {
              "name": {
                "value": "Part-Skim Mozarella Cheese"
              }
            },
            {
              "name": {
                "value": "Reduced-Sodium Chicken Broth"
              }
            },
            {
              "name": {
                "value": "Reduced Sodium Soy Sauce"
              }
            },
            {
              "name": {
                "value": "Tapioca Starch"
              }
            },
            {
              "name": {
                "value": "Grapeseed Oil"
              }
            },
            {
              "name": {
                "value": "Lemon Juice"
              }
            },
            {
              "name": {
                "value": "99% Lean Ground Turkey"
              }
            },
            {
              "name": {
                "value": "Seasoned Whole Wheat Breadcrumbs"
              }
            },
            {
              "name": {
                "value": "Finely Chopped Red Onion"
              }
            },
            {
              "name": {
                "value": "Garlic Clove"
              }
            },
            {
              "name": {
                "value": "Live Mussels"
              }
            },
            {
              "name": {
                "value": "Organic Turkey Breast"
              }
            },
            {
              "name": {
                "value": "Smooth Peanut Butter"
              }
            },
            {
              "name": {
                "value": "Unseasoned Rice Vinegar"
              }
            },
            {
              "name": {
                "value": "Mixed Baby Greens"
              }
            },
            {
              "name": {
                "value": "Jicama"
              }
            },
            {
              "name": {
                "value": "Freshly Ground Black Pepper"
              }
            },
            {
              "name": {
                "value": "Lime Juice"
              }
            },
            {
              "name": {
                "value": "Lime Zest"
              }
            }
          ],
          "name": "ingredient"
        }
      ]
    }
  },
  "version": "57"
}