{
  "manifest": {
    "publishingInformation": {
      "locales": {
        "ar-SA": {
          "summary": "المطبخ الافتراضي هو مساعد طهي افتراضي يلبي احتياجات المستخدمين الغذائية من خلال اقتراح الوصفات وتتبع الأطعمة المتوفرة في ثلاجتك و حتواه بالعربية",
          "examplePhrases": [
            "اليكسا افتحي المطبخ الافتراضي",
            "مرحبا",
            "مساعدة"
          ],
          "keywords": [
            "طبخ",
            "منزلي",
            "توصيات",
            "أطباق",
            "ثلاجة",
            "متعقب",
            "الثلاجة",
            "أطباق",
            "للنظام",
            "الغذائي",
            "أطباق",
            "الطقس",
            "قائمة",
            "التسوق",
            "أصناف",
            "مكونات",
            "ماذا",
            "أطبخ",
            "كيف",
            "أطبخ",
            "طبخ",
            "مأكولات",
            "مكونات",
            "للطبخ",
            "مطبخ",
            "قائمة",
            "التسوق",
            "أفكار",
            "أطباق"
          ],
          "name": "المطبخ الافتراضي",
          "description": "يعد المطبخ الافتراضي مساعدًا افتراضيًا مخصصًا للطهي ، من خلال تحويل الكلام إلى نص ، يلبي احتياجات المستخدمين الغذائية من خلال اقتراح الوصفات وتتبع الأطعمة المتوفرة في ثلاجتك عن طريق إضافة وحذف المكونات من الثلاجة الافتراضية الخاصة بك. يمكنك أيضًا التحقق من المكونات المفقودة من ثلاجتك لطهي وصفة معينة. أضفنا خيار قائمة التسوق حيث يمكنك إضافة حذف والحصول عليه عن طريق alexa. وأيضًا ، ستعرض هذه المهارة صورة للوصفات. سنستخدم عنوان بريدك الإلكتروني من أجل حفظ ثلاجتك وقائمة التسوق الخاصة بك وفقًا لها. يتم توفير المعلومات الواردة في هذه المهارة لأغراض إعلامية وتعليمية فقط. إنه ليس بديلاً عن المشورة الطبية المهنية أو العلاج أو التشخيص. اتصل بطبيبك لتلقي المشورة الطبية. إذا كنت تعتقد أنه قد يكون لديك حالة طبية طارئة ، فيرجى الاتصال برقم هاتف الاستجابة للطوارئ المحلي.",
          "smallIconUri": "file://assets/images/ar-SA_smallIconUri.png",
          "largeIconUri": "file://assets/images/ar-SA_largeIconUri.png"
        },
        "en-US": {
          "summary": "Home Cook is a culinary virtual assistant that accommodates users dietary needs by suggesting recipes and tracking available foods in your fridge",
          "examplePhrases": [
            "Alexa, ask home cook",
            "hello",
            "help"
          ],
          "keywords": [
            "Home",
            "cook",
            "cook",
            "dishes",
            "recommendations",
            "kitchen",
            "fridge",
            "tracker",
            "dishes",
            "for",
            "diet",
            "dishes",
            "for",
            "weather",
            "shopping",
            "list",
            "shop",
            "reminder",
            "items",
            "market",
            "ingredients",
            "dishes",
            "recipes",
            "what",
            "time",
            "day",
            "cook",
            "how",
            "to",
            "cook"
          ],
          "name": "home cook",
          "description": "Home Cook is a culinary personalized virtual assistant that, through speech to text conversion, accommodates users dietary needs by suggesting recipes, and tracking available foods in your fridge.  this skill will suggest recipes based on the weather, diet, and time of the day that you will tell alexa about it. Also it can recommend random recipes with or without ingredients as you want. Home cook has a virtual fridge in which you can add and delete from it. You can check the missing ingredients from your fridge to cook a specific recipe and you can ask Alexa about the availability of a specific ingredient. Moreover, you have a shopping list option where you can add, delete and get your shopping list by asking Alexa. Also, this skill will show pictures of the recipes. We will be using your email address in order to save your fridge and your shopping list according to it.. The information in this skill is provided for informational and educational purposes only. It is not a substitute for professional medical advice, treatment or diagnosis. Call your doctor to receive medical advice. If you think you may have a medical emergency, please dial your local emergency response phone number.",
          "smallIconUri": "file://assets/images/en-US_smallIconUri.png",
          "largeIconUri": "file://assets/images/en-US_largeIconUri.png"
        }
      },
      "automaticDistribution": {
        "isActive": false
      },
      "isAvailableWorldwide": true,
      "testingInstructions": "Just use the utterances since until now we didn\u0027t add any special feature that needs description",
      "category": "COOKING_AND_RECIPE",
      "distributionMode": "PUBLIC",
      "distributionCountries": []
    },
    "apis": {
      "custom": {
        "endpoint": {
          "uri": "arn:aws:lambda:us-east-1:861652646284:function:e046cba4-8310-47a9-95ab-5f891cbcd2f9:Release_0"
        },
        "interfaces": [
          {
            "supportedViewports": [
              {
                "minHeight": 540,
                "mode": "TV",
                "shape": "RECTANGLE",
                "maxHeight": 540,
                "minWidth": 960,
                "maxWidth": 960
              },
              {
                "minHeight": 100,
                "mode": "HUB",
                "shape": "ROUND",
                "maxHeight": 599,
                "minWidth": 100,
                "maxWidth": 599
              },
              {
                "minHeight": 600,
                "mode": "HUB",
                "shape": "RECTANGLE",
                "maxHeight": 959,
                "minWidth": 960,
                "maxWidth": 1279
              },
              {
                "minHeight": 600,
                "mode": "HUB",
                "shape": "RECTANGLE",
                "maxHeight": 1279,
                "minWidth": 1280,
                "maxWidth": 1920
              },
              {
                "minHeight": 100,
                "mode": "HUB",
                "shape": "RECTANGLE",
                "maxHeight": 599,
                "minWidth": 960,
                "maxWidth": 1279
              },
              {
                "minHeight": 960,
                "mode": "HUB",
                "shape": "RECTANGLE",
                "maxHeight": 1279,
                "minWidth": 1920,
                "maxWidth": 2560
              },
              {
                "minHeight": 1920,
                "mode": "HUB",
                "shape": "RECTANGLE",
                "maxHeight": 2560,
                "minWidth": 960,
                "maxWidth": 1279
              },
              {
                "minHeight": 320,
                "mode": "MOBILE",
                "shape": "RECTANGLE",
                "maxHeight": 1920,
                "minWidth": 600,
                "maxWidth": 959
              },
              {
                "minHeight": 320,
                "mode": "MOBILE",
                "shape": "RECTANGLE",
                "maxHeight": 1920,
                "minWidth": 960,
                "maxWidth": 1279
              },
              {
                "minHeight": 320,
                "mode": "MOBILE",
                "shape": "RECTANGLE",
                "maxHeight": 1920,
                "minWidth": 1280,
                "maxWidth": 1920
              }
            ],
            "type": "ALEXA_PRESENTATION_APL"
          }
        ],
        "regions": {
          "EU": {
            "endpoint": {
              "uri": "arn:aws:lambda:eu-west-1:861652646284:function:e046cba4-8310-47a9-95ab-5f891cbcd2f9:Release_0"
            }
          },
          "NA": {
            "endpoint": {
              "uri": "arn:aws:lambda:us-east-1:861652646284:function:e046cba4-8310-47a9-95ab-5f891cbcd2f9:Release_0"
            }
          },
          "FE": {
            "endpoint": {
              "uri": "arn:aws:lambda:us-west-2:861652646284:function:e046cba4-8310-47a9-95ab-5f891cbcd2f9:Release_0"
            }
          }
        }
      }
    },
    "manifestVersion": "1.0",
    "permissions": [
      {
        "name": "alexa::profile:email:read"
      },
      {
        "name": "alexa::person_id:read"
      }
    ],
    "privacyAndCompliance": {
      "allowsPurchases": false,
      "locales": {
        "ar-SA": {
          "privacyPolicyUrl": "https://www.freeprivacypolicy.com/live/d5a53615-10be-47f2-a70c-d884e6e20432"
        },
        "en-US": {
          "termsOfUseUrl": "",
          "privacyPolicyUrl": "https://sites.google.com/view/homecookalexa/home"
        }
      },
      "containsAds": false,
      "isExportCompliant": true,
      "isChildDirected": false,
      "usesPersonalInfo": true
    }
  }
}