{"detailImageRightData":{"type":"object","objectId":"detailImageRightSample","backgroundImage":{"contentDescription":null,"smallSourceUrl":null,"largeSourceUrl":null,"sources":[{"url":"https://d2o906d8ln7ui1.cloudfront.net/images/templates_v3/detail/DetailListBackground_Dark.png","size":"large"}]},"title":"Recipes","subtitle":"","image":{"contentDescription":"","smallSourceUrl":null,"largeSourceUrl":null,"sources":[{"url":"https://www.skinnytaste.com/wp-content/uploads/2019/04/BBQ-Quesadilla-1-2.jpg","size":"large"}]},"textContent":{"primaryText":{"type":"PlainText","text":"BBQ Chicken Quesadilla"},"locationText":{"type":"PlainText","text":"Ingredients:"},"secondaryText":{"type":"PlainText","text":"'One 3-oz. raw boneless skinless chicken breast cutlet', '1/8 tsp garlic powder', '1/8 tsp onion powder', '1 tbsp BBQ sauce with 45 calories or less per 2-tbsp. serving (plus more for serving)', '1 large high-fiber flour tortilla with 110 calories or less (I used Ole Xtreme)', '1/4 cup shredded reduced-fat Mexican-blend cheese', '2 tbsp chopped red onion', '1 tbsp chopped fresh cilantro', 'nonstick spray'"}},"logoUrl":"https://d2o906d8ln7ui1.cloudfront.net/images/templates_v3/logo/logo-modern-botanical-white.png"}}